商品名,リンク,ターゲット
タオル研究所のタオル,https://amzn.to/41amAec,新生活始まる人たち
ぽこあポケモン,https://amzn.to/3NrequI,なし
VTCOSMETICSのパック,https://amzn.to/4sU7QMG,スキンケアめんどい人
Hansleepのカーテン,https://amzn.to/4bNEHwA,カーテンまだ買ってない人
Anker PowerLine,https://amzn.to/4beleFd,大学生や社会人
NIMASOのガラスフィルム,https://amzn.to/4dwlVuW,ipad使ってる大学生
UGREEN Nexode 65W ,https://amzn.to/4sgMBET,なし
iPad無印,https://amzn.to/478dpP4,新大学生
AnkerのUSB-Cカードリーダー,https://amzn.to/4uvoB28,なし
ESRのiPadケース,https://amzn.to/4uzfNZc,ipad使ってる人
Anker PowerCore 10000 モバイルバッテリー,https://www.amazon.co.jp/dp/B0194WDVHI?tag=mono30d-22,スマホを頻繁に使う一人暮らし始める大学生
Bluetoothイヤホン SoundPEATS TrueFree+,https://www.amazon.co.jp/dp/B07R4XM7NS?tag=mono30d-22,音楽や動画をよく楽しむコスパ重視の大学生
山崎実業 タワー キッチンペーパーホルダー,https://www.amazon.co.jp/dp/B01LZ6A5QP?tag=mono30d-22,一人暮らしの部屋をスッキリさせたい大学生
ニトリ 低反発枕,https://www.amazon.co.jp/dp/B07D6FQZ2R?tag=mono30d-22,睡眠の質を上げたい大学生
Echo Dot (エコードット) 第4世代スマートスピーカー,https://www.amazon.co.jp/dp/B07XJ8C8F7?tag=mono30d-22,部屋で音声操作やスマート家電を試したい大学生
アイリスオーヤマ サーキュレーター PCF-HD15,https://www.amazon.co.jp/dp/B07D9Z7X6Q?tag=mono30d-22,一人暮らしの部屋の空気循環を良くしたい大学生
Amazonベーシック 折りたたみチェア,https://www.amazon.co.jp/dp/B071173FS8?tag=mono30d-22,部屋のスペースを有効活用したい一人暮らし大学生
TaoTronics LEDデスクライト,https://www.amazon.co.jp/dp/B07RQ3W8Y3?tag=mono30d-22,コスパ良い勉強環境を整えたい大学生
Calvin Klein ロゴTシャツ メンズ,https://www.amazon.co.jp/dp/B07VW1N8LF?tag=mono30d-22,カジュアルファッションを楽しむ大学生
Anker Soundcore Mini ポータブルBluetoothスピーカー,https://www.amazon.co.jp/dp/B01HTH3C8S?tag=mono30d-22,手軽に音楽を楽しみたい大学生
Anker Soundcore Liberty 4,https://www.amazon.co.jp/dp/B0BG7P3F4S?tag=mono30d-22,音質にこだわりたい若者、一人暮らしのガジェット好き。ノイズキャンセリング搭載で集中したい時に最適。
BenQ ScreenBar Halo モニターライト,https://www.amazon.co.jp/dp/B09L74314N?tag=mono30d-22,長時間のPC作業が多い一人暮らしの若者。目の疲れを軽減し、デスク周りをスタイリッシュにしたいガジェット好き。
Logicool G PRO X SUPERLIGHT ゲーミングマウス,https://www.amazon.co.jp/dp/B08X597H3W?tag=mono30d-22,FPSゲームを本格的に楽しみたい若者、一人暮らしのゲーマー。軽量で高精度な操作性を求めるガジェット好き。
Elgato Stream Deck MK.2,https://www.amazon.co.jp/dp/B094R8H8C6?tag=mono30d-22,ゲーム配信や動画編集をする若者、一人暮らしのクリエイター。ショートカットを割り当てて作業効率を上げたいガジェット好き。
Philips Hue Go ポータブルライト,https://www.amazon.co.jp/dp/B09Z27P6T4?tag=mono30d-22,部屋の雰囲気を変えたい若者、一人暮らしのインテリア好き。スマートホーム連携で手軽にライティングを楽しみたいガジェット好き。
Nintendo Switch Proコントローラー,https://www.amazon.co.jp/dp/B01N4P7R6L?tag=mono30d-22,Nintendo Switchで快適にゲームをプレイしたい若者、一人暮らしのゲーマー。公式の高い操作性を求めるガジェット好き。
Apple HomePod mini,https://www.amazon.co.jp/dp/B08L7L9V3Q?tag=mono30d-22,Apple製品でスマートホームを構築したい若者、一人暮らし。Siriで音楽再生や情報取得をしたいガジェット好き。
Google Nest Hub 第2世代,https://www.amazon.co.jp/dp/B08H9R77C6?tag=mono30d-22,スマートディスプレイで生活を便利にしたい若者、一人暮らし。YouTube視聴や写真表示も楽しみたいガジェット好き。
Bose QuietComfort Earbuds II,https://www.amazon.co.jp/dp/B0B6K2K2T1?tag=mono30d-22,高音質なノイズキャンセリングイヤホンが欲しい若者、一人暮らし。通勤・通学や集中したい時に使いたいガジェット好き。
SONY WH-1000XM5,https://www.amazon.co.jp/dp/B09X49P2Q1?tag=mono30d-22,最高の音質とノイズキャンセリングを求める若者、一人暮らし。音楽や動画をじっくり楽しみたいガジェット好き。
Razer BlackWidow V3 Pro JP Green Switch,https://www.amazon.co.jp/dp/B08K2N9F2Y?tag=mono30d-22,メカニカルキーボードでゲームやタイピングを楽しみたい若者、一人暮らしのゲーマー。光るキーボードでデスク周りを彩りたいガジェット好き。
Anker 737 Charger (GaNPrime 120W),https://www.amazon.co.jp/dp/B0B8C8Q67M?tag=mono30d-22,複数のデバイスを高速充電したい若者、一人暮らし。コンパクトで持ち運びやすい高出力充電器を探しているガジェット好き。
TP-Link Tapo C200,https://www.amazon.co.jp/dp/B0892W5V3Z?tag=mono30d-22,一人暮らしのセキュリティ対策をしたい若者。手軽に設置できる見守りカメラが欲しいガジェット好き。
Echo Show 5 (エコーショー5) 第2世代,https://www.amazon.co.jp/dp/B08K34V34K?tag=mono30d-22,Alexaでスマートホームを始めたい若者、一人暮らし。画面付きで天気予報や動画も確認したいガジェット好き。
Kindle Paperwhite (8GB) 広告つき,https://www.amazon.co.jp/dp/B08C53G1Q3?tag=mono30d-22,読書好きの若者、一人暮らし。目に優しく、どこでも読書を楽しみたいガジェット好き。
